query_id,algorithm,path,hops,cost_km,expanded,max_frontier,runtime_ms,gap_pct
Q1,UCS,KUL -> HKT -> LED -> HEL -> KEF,4,11461.348578050694,1851,616,15.234599999985221,0.0
Q1,GBFS,KUL -> LHR -> KEF,2,12500.498489789588,2,246,7.293600000139122,9.066558831732419
Q1,A*,KUL -> HKT -> LED -> HEL -> KEF,4,11461.348578050694,69,409,8.043300000281306,0.0
Q2,UCS,SIN -> JNB -> GRU -> EZE,3,17817.356252826285,3002,620,18.33810000016456,0.0
Q2,GBFS,SIN -> JNB -> GRU -> EZE,3,17817.356252826285,3,262,41.192599999703816,0.0
Q2,A*,SIN -> JNB -> GRU -> EZE,3,17817.356252826285,151,330,7.980500000030588,0.0
Q3,UCS,NRT -> HKG -> MRU -> CPT,3,14813.319264012905,3042,1018,21.357200000238663,0.0
Q3,GBFS,NRT -> DOH -> JNB -> CPT,3,15811.29463537717,3,234,6.215500000052998,6.7370138560958415
Q3,A*,NRT -> HKG -> MRU -> CPT,3,14813.319264012905,63,496,10.099000000082015,0.0
Q1,Weighted A* (1.5h),KUL -> AMS -> KEF,2,12274.31753121269,2,317,9.29760000008173,7.093135224234337
Q2,Weighted A* (1.5h),SIN -> JNB -> GRU -> EZE,3,17817.356252826285,3,262,7.694599999922502,0.0
Q3,Weighted A* (1.5h),NRT -> CMB -> SEZ -> JNB -> CPT,4,14929.353967643605,4,189,6.459100000029139,0.7833133247360013
